date,actual_zhvi,predicted_zhvi
2020-09-01,150454.116671432,148954.25034030658
2020-09-01,150454.116671432,150764.13168770145
2020-10-01,152679.2131911876,150913.4832050079
2020-10-01,152679.2131911876,153071.02292157128
2020-11-01,154975.44047432477,153095.16016740835
2020-11-01,154975.44047432477,155351.89662636485
2020-12-01,156876.143933549,155397.84689525765
2020-12-01,156876.143933549,157301.03411517935
2021-01-01,158580.92497824875,157213.9077857245
2021-01-01,158580.92497824875,158944.35126085946
2021-02-01,160366.88594895267,159014.68912678538
2021-02-01,160366.88594895267,160792.92813455293
2021-03-01,162269.41848381874,160859.73359362286
2021-03-01,162269.41848381874,162711.75768096873
2021-04-01,164269.09426410138,162882.1027739963
2021-04-01,164269.09426410138,164790.1754367233
2021-05-01,166470.93678324317,164938.28911348188
2021-05-01,166470.93678324317,167003.4287008785
2021-06-01,168924.0982712019,167150.02273163415
2021-06-01,168924.0982712019,169446.43910012644
2021-07-01,170961.73360303015,169612.41745403688
2021-07-01,170961.73360303015,171511.46952565273
2021-08-01,172002.41812504135,171648.26014955863
2021-08-01,172002.41812504135,172597.8900823159
2021-09-01,172107.06562556146,172697.69687572948
2021-09-01,172107.06562556146,172737.67364983735
2021-10-01,172300.73183891413,172835.9543353979
2021-10-01,172300.73183891413,172998.62110033154
2021-11-01,173038.832517947,173041.16455917005
2021-11-01,173038.832517947,173772.6851226274
2021-12-01,174103.83352516382,173821.910568928
2021-12-01,174103.83352516382,174911.71180533117
2022-01-01,175987.12038608833,174816.1066557399
2022-01-01,175987.12038608833,176729.78895179016
2022-02-01,178419.69566046915,176817.47719524722
2022-02-01,178419.69566046915,179233.27655395513
2022-03-01,181249.37533860572,179312.84536319485
2022-03-01,181249.37533860572,182071.28466692733
2022-04-01,183918.6281393852,182249.78865169655
2022-04-01,183918.6281393852,184805.20522414817
2022-05-01,185983.8078700443,184955.23574551634
2022-05-01,185983.8078700443,186864.71200306684
2022-06-01,187835.08287199977,186961.02340235235
2022-06-01,187835.08287199977,188652.8085725707
2022-07-01,188600.3406911089,188762.09647332598
2022-07-01,188600.3406911089,189400.85903847296
2022-08-01,188587.07951507065,189475.47050023382
2022-08-01,188587.07951507065,189384.27579528702
2022-09-01,187914.38093114248,189465.07719139874
2022-09-01,187914.38093114248,188736.49201600518
2022-10-01,187564.70716557375,188775.4178760143
2022-10-01,187564.70716557375,188405.46263955446
2022-11-01,187450.2527456755,188374.55283129585
2022-11-01,187450.2527456755,188274.2157302773
2022-12-01,187488.40724591716,188291.39317320063
2022-12-01,187488.40724591716,188377.35543902364
2023-01-01,187498.58613727437,188241.10998456596
2023-01-01,187498.58613727437,188320.6750764307
2023-02-01,187674.9253693624,188360.43675313023
2023-02-01,187674.9253693624,188561.57514117777
2023-03-01,188340.2429916975,188645.44010116206
2023-03-01,188340.2429916975,189276.29031013785
2023-04-01,189622.97699684888,189466.81592764583
2023-04-01,189622.97699684888,190656.42457110423
2023-05-01,191381.87616562488,190810.2945920471
2023-05-01,191381.87616562488,192405.91133187557
2023-06-01,193074.2329984409,192515.72198840632
2023-06-01,193074.2329984409,194044.53474059948
2023-07-01,194338.40265676225,194207.81967033577
2023-07-01,194338.40265676225,195329.65810236207
2023-08-01,195365.73861615977,195467.30973540727
2023-08-01,195365.73861615977,196391.96871948295
2023-09-01,196144.98968348405,196469.05571808378
2023-09-01,196144.98968348405,197160.71728191068
2023-10-01,196652.14149729552,197229.0093418341
2023-10-01,196652.14149729552,197699.1091141767
2023-11-01,196977.89205481453,197693.42931928526
2023-11-01,196977.89205481453,198030.70330534189
2023-12-01,197113.48095239024,198012.11834737702
2023-12-01,197113.48095239024,198197.13791869007
2024-01-01,197344.49394250935,198054.22281770848
2024-01-01,197344.49394250935,198356.6493585187
2024-02-01,198091.65470636965,198422.5136784359
2024-02-01,198091.65470636965,199184.73446706388
2024-03-01,199721.15881932792,199255.68773339217
2024-03-01,199721.15881932792,200829.16408352263
2024-04-01,201762.88579333015,200990.0151934327
2024-04-01,201762.88579333015,202918.30217327608
2024-05-01,203280.25050206977,203070.40369309564
2024-05-01,203280.25050206977,204414.2347796369
2024-06-01,204164.63087407037,204540.6482859122
2024-06-01,204164.63087407037,205266.82584215328
2024-07-01,204538.76914383407,205436.32957759924
2024-07-01,204538.76914383407,205676.02290006916
2024-08-01,204925.29378088535,205790.24788300414
2024-08-01,204925.29378088535,206078.59264439973
2024-09-01,205273.17372820585,206161.32250583218
2024-09-01,205273.17372820585,206423.74795465445
2024-10-01,205974.39819900677,206518.30843234854
2024-10-01,205974.39819900677,207176.84068669603
2024-11-01,206835.68704229905,207134.65096312977
2024-11-01,206835.68704229905,208000.8937783719
2024-12-01,208026.6344899903,208004.57196404997
2024-12-01,208026.6344899903,209228.0944966148
2025-01-01,209177.4506859007,209110.10110131674
2025-01-01,209177.4506859007,210320.6343721721
2025-02-01,210211.70934986748,210373.14777833025
2025-02-01,210211.70934986748,211418.08512621545
2025-03-01,210717.04197008137,211443.9419727354
2025-03-01,210717.04197008137,211910.62417532812
2025-04-01,210867.135706857,212082.45270321783
2025-04-01,210867.135706857,212148.64668338673
2025-05-01,211064.55536571084,212281.45773964317
2025-05-01,211064.55536571084,212319.19523055595
2025-06-01,211425.48478816487,212450.97234375722
2025-06-01,211425.48478816487,212657.82131928278
2025-07-01,212122.02882214083,212793.64527300315
2025-07-01,212122.02882214083,213345.37436598114
2025-08-01,212805.419511464,213501.43221202778
2025-08-01,212805.419511464,214075.40687501905
2025-09-01,213649.9671141407,214168.0641293165
2025-09-01,213649.9671141407,214913.8843058657
2025-11-01,215808.14144206708,215835.33262343155
2025-11-01,215808.14144206708,217058.54637290307
2025-12-01,217295.60104038677,217070.68013729522
2025-12-01,217295.60104038677,218587.34737256615
2020-09-01,159238.24631227236,157813.39624546852
2020-09-01,159238.24631227236,159702.100295578
2020-10-01,161294.6827293141,159859.46236113991
2020-10-01,161294.6827293141,161851.43874150378
2020-11-01,163155.77732161884,161875.13095688223
2020-11-01,163155.77732161884,163686.77463030166
2020-12-01,164525.73132148993,163776.18954065445
2020-12-01,164525.73132148993,165126.33019389017
2021-01-01,165875.1965358853,165092.45917598528
2021-01-01,165875.1965358853,166433.61299960306
2021-02-01,167465.11092210226,166536.43808900932
2021-02-01,167465.11092210226,168092.11639403022
2021-03-01,169278.966952279,168183.99190226992
2021-03-01,169278.966952279,169942.73724695033
2021-04-01,171324.35197243068,170125.83987979213
2021-04-01,171324.35197243068,172089.3149029981
2021-05-01,173724.826683635,172250.33446305708
2021-05-01,173724.826683635,174541.75963434996
2021-06-01,176627.1356482209,174654.23466327693
2021-06-01,176627.1356482209,177417.36348252383
2021-07-01,179599.48668925947,177622.94954725276
2021-07-01,179599.48668925947,180447.26888326736
2021-08-01,182043.48886442263,180612.54145652588
2021-08-01,182043.48886442263,182947.28825837775
2021-09-01,183694.1876378819,183056.14400445024
2021-09-01,183694.1876378819,184626.98758930384
2021-10-01,185378.31177787707,184764.28261173802
2021-10-01,185378.31177787707,186380.99206708252
2021-11-01,187561.82948888876,186477.82924187448
2021-11-01,187561.82948888876,188602.8608130269
2021-12-01,189909.8144794267,188692.1390006047
2021-12-01,189909.8144794267,191005.91327061795
2022-01-01,192394.52643820373,190959.1131279903
2022-01-01,192394.52643820373,193423.86673764337
2022-02-01,194758.2643594753,193565.10697962283
2022-02-01,194758.2643594753,195878.62053142246
2022-03-01,197033.45103440576,196006.99434762582
2022-03-01,197033.45103440576,198217.70978863715
2022-04-01,199241.13862432833,198365.50667176058
2022-04-01,199241.13862432833,200470.799697451
2022-05-01,201190.43287600225,200618.16003606733
2022-05-01,201190.43287600225,202454.67304549948
2022-06-01,203444.92222927176,202585.99350753092
2022-06-01,203444.92222927176,204690.94580214622
2022-07-01,204963.20956573423,204786.28941519756
2022-07-01,204963.20956573423,206168.26040414211
2022-08-01,205617.80815984617,206254.4426578275
2022-08-01,205617.80815984617,206826.41067404865
2022-09-01,205209.5814855029,206884.81220374242
2022-09-01,205209.5814855029,206425.48529836407
2022-10-01,204565.01139882748,206485.47593341523
2022-10-01,204565.01139882748,205809.7211808645
2022-11-01,203898.9533136001,205776.58622031272
2022-11-01,203898.9533136001,205103.17628096498
2022-12-01,203246.65512844193,205200.16251947015
2022-12-01,203246.65512844193,204575.12055405928
2023-01-01,202381.09330913983,204482.93311500648
2023-01-01,202381.09330913983,203669.01464807233
2023-02-01,201830.02443789665,203783.39309833635
2023-02-01,201830.02443789665,203238.140436207
2023-03-01,202030.9589289904,203265.78321491706
2023-03-01,202030.9589289904,203445.07878793206
2023-04-01,203260.17666738003,203583.68418526594
2023-04-01,203260.17666738003,204720.01745618787
2023-05-01,204970.93790541653,204808.61634319765
2023-05-01,204970.93790541653,206409.78929345854
2023-06-01,206506.81333715536,206482.217391464
2023-06-01,206506.81333715536,207872.70127515116
2023-07-01,207419.8444024549,208052.00730139832
2023-07-01,207419.8444024549,208839.0934062886
2023-08-01,207805.87986826568,208932.09364998413
2023-08-01,207805.87986826568,209242.20974473938
2023-09-01,208060.23441111072,209291.40816793242
2023-09-01,208060.23441111072,209479.67830618526
2023-10-01,208237.0635989091,209565.62324096786
2023-10-01,208237.0635989091,209691.88409765819
2023-11-01,208472.154663652,209735.89937064762
2023-11-01,208472.154663652,209945.75749906918
2023-12-01,208551.1100157977,210005.94293228272
2023-12-01,208551.1100157977,210103.1782696376
2024-01-01,208394.5941409188,209946.6155679245
2024-01-01,208394.5941409188,209836.289777484
2024-02-01,208553.41469976588,209922.32881152598
2024-02-01,208553.41469976588,210075.26639790423
2024-03-01,209573.98149225177,210095.93122240674
2024-03-01,209573.98149225177,211083.0733927536
2024-04-01,211396.54718288488,211288.87257898576
2024-04-01,211396.54718288488,212997.72033256377
2024-05-01,213095.94232447937,213059.4806692804
2024-05-01,213095.94232447937,214648.30946799644
2024-06-01,214034.22849324805,214776.35475262004
2024-06-01,214034.22849324805,215569.98600346496
2024-07-01,214295.49115472916,215671.84510919845
2024-07-01,214295.49115472916,215818.23986271047
2024-08-01,214153.40383693745,215950.26606399083
2024-08-01,214153.40383693745,215744.47807172997
2024-09-01,213800.2041065514,215822.7576285761
2024-09-01,213800.2041065514,215409.58511320007
2024-10-01,213828.52045776183,215522.3918396982
2024-10-01,213828.52045776183,215500.9382372357
2024-11-01,214172.6623559273,215443.024104131
2024-11-01,214172.6623559273,215759.48575421894
2024-12-01,215299.2086532067,215821.314586492
2024-12-01,215299.2086532067,216949.42790103675
2025-01-01,216516.82558679977,216823.42395748326
2025-01-01,216516.82558679977,218063.33562768728
2025-02-01,217707.4787673992,218098.19615898625
2025-02-01,217707.4787673992,219258.53218934077
2025-03-01,218220.43614049337,219343.2813998867
2025-03-01,218220.43614049337,219828.4257753255
2025-04-01,218214.47764917303,220026.9561307333
2025-04-01,218214.47764917303,219928.09567735976
2025-05-01,218056.85132293572,220010.61829179045
2025-05-01,218056.85132293572,219769.55023202917
2025-06-01,217599.09426495063,219857.2693298256
2025-06-01,217599.09426495063,219268.77095468744
2025-07-01,217134.20288705823,219336.65359172286
2025-07-01,217134.20288705823,218763.25506930173
2025-08-01,216558.30546367308,218883.85882214378
2025-08-01,216558.30546367308,218246.73719845188
2025-09-01,216247.35074512448,218329.6037826594
2025-09-01,216247.35074512448,217950.03841409794
2025-11-01,216090.3563851634,217757.23115617543
2025-11-01,216090.3563851634,217792.96525983224
2025-12-01,216389.61917007295,217811.4777941315
2025-12-01,216389.61917007295,218124.0854406912
2020-09-01,173396.5513008725,171705.86212101355
2020-09-01,173396.5513008725,173794.49727010896
2020-10-01,176120.8496360762,173949.48583989148
2020-10-01,176120.8496360762,176593.50128852957
2020-11-01,179219.09979165046,176642.70858353644
2020-11-01,179219.09979165046,179667.16064054784
2020-12-01,181928.47670804503,179739.6643934725
2020-12-01,181928.47670804503,182418.43077623638
2021-01-01,184274.9739136786,182376.9942405347
2021-01-01,184274.9739136786,184702.95564357928
2021-02-01,186547.39432031097,184766.32136565325
2021-02-01,186547.39432031097,187021.346214921
2021-03-01,188901.085146282,187091.56357417384
2021-03-01,188901.085146282,189392.39597905453
2021-04-01,191341.26857321963,189580.2456034551
2021-04-01,191341.26857321963,191932.45689160892
2021-05-01,193944.18445553517,192065.88456323254
2021-05-01,193944.18445553517,194535.11745369638
2021-06-01,196846.7342422228,194629.04954684692
2021-06-01,196846.7342422228,197388.70617930795
2021-07-01,199212.79466141353,197566.70035560156
2021-07-01,199212.79466141353,199792.44926582807
2021-08-01,200469.54493389683,199918.5591587267
2021-08-01,200469.54493389683,201087.85317859863
2021-09-01,200025.30556626729,201179.35273678435
2021-09-01,200025.30556626729,200695.94847178488
2021-10-01,200673.1594489079,200812.32706266324
2021-10-01,200673.1594489079,201414.01836111702
2021-11-01,201430.23410856357,201462.9405898626
2021-11-01,201430.23410856357,202191.13191690872
2021-12-01,202604.58954688287,202258.15858155477
2021-12-01,202604.58954688287,203438.8402664393
2022-01-01,204710.31464674888,203383.88123207004
2022-01-01,204710.31464674888,205483.57870071428
2022-02-01,207437.1803954307,205576.9039966474
2022-02-01,207437.1803954307,208280.25527372863
2022-03-01,210834.6500160696,208371.24653140668
2022-03-01,210834.6500160696,211691.9459270448
2022-04-01,213975.1167953529,211848.49507585473
2022-04-01,213975.1167953529,214872.25906747155
2022-05-01,216642.3791088819,215020.80615397758
2022-05-01,216642.3791088819,217533.3259843015
2022-06-01,219114.1741399136,217643.13664083226
2022-06-01,219114.1741399136,219963.92650502812
2022-07-01,220539.97236929875,220060.7535529416
2022-07-01,220539.97236929875,221351.63693943672
2022-08-01,220835.28374210343,221399.99160413814
2022-08-01,220835.28374210343,221621.34607705375
2022-09-01,220160.38648392903,221681.37938509585
2022-09-01,220160.38648392903,220968.58546712424
2022-10-01,219764.32001593537,220994.75378731918
2022-10-01,219764.32001593537,220569.61533779104
2022-11-01,219726.76084767995,220590.62574970652
2022-11-01,219726.76084767995,220542.63044351022
2022-12-01,219858.03727969292,220560.2529168922
2022-12-01,219858.03727969292,220725.46313772874
2023-01-01,219940.6089349314,220606.72221464408
2023-01-01,219940.6089349314,220728.12720076906
2023-02-01,220113.30149326724,220789.10199599687
2023-02-01,220113.30149326724,220986.06729288882
2023-03-01,220696.74165766867,221051.24097361046
2023-03-01,220696.74165766867,221603.05216724155
2023-04-01,221665.13832121657,221808.41213337067
2023-04-01,221665.13832121657,222690.196697545
2023-05-01,223121.49911559612,222809.5026862006
2023-05-01,223121.49911559612,224121.48686955724
2023-06-01,224876.62940204964,224265.7132148891
2023-06-01,224876.62940204964,225873.20633885916
2023-07-01,226492.0829823695,226048.35874749237
2023-07-01,226492.0829823695,227518.4430810064
2023-08-01,227841.86786120688,227665.8853841416
2023-08-01,227841.86786120688,228919.38531552217
2023-09-01,228761.91153078145,228955.82619890102
2023-09-01,228761.91153078145,229804.53489611918
2023-10-01,229433.0469440482,229877.27726062897
2023-10-01,229433.0469440482,230498.41071756737
2023-11-01,229986.07626138467,230524.1797417528
2023-11-01,229986.07626138467,231058.45097094326
2023-12-01,230399.8331620225,231062.5625663688
2023-12-01,230399.8331620225,231511.74209155797
2024-01-01,230712.0272489504,231378.1726302077
2024-01-01,230712.0272489504,231732.4011270858
2024-02-01,231299.0789239416,231842.62014938027
2024-02-01,231299.0789239416,232448.56167148825
2024-03-01,232478.2965292927,232525.59702075121
2024-03-01,232478.2965292927,233655.86782159502
2024-04-01,234162.34526753073,233817.46064893616
2024-04-01,234162.34526753073,235389.59304111096
2024-05-01,235829.96704078533,235535.16744753718
2024-05-01,235829.96704078533,237039.99598733068
2024-06-01,237143.7548267336,237118.04951710097
2024-06-01,237143.7548267336,238280.13946007873
2024-07-01,237995.0919927789,238421.90296360315
2024-07-01,237995.0919927789,239135.6703905124
2024-08-01,238825.19050658456,239250.6370908784
2024-08-01,238825.19050658456,239989.83899593432
2024-09-01,239554.76735644153,240098.82565442624
2024-09-01,239554.76735644153,240757.44947815064
2024-10-01,240466.3534711626,240841.47756832372
2024-10-01,240466.3534711626,241698.05343976826
2024-11-01,241182.20700795713,241695.91645747915
2024-11-01,241182.20700795713,242390.46732266794
2024-12-01,242063.70617567125,242434.19824962318
2024-12-01,242063.70617567125,243346.38876128918
2025-01-01,242703.13872503288,243275.1235641478
2025-01-01,242703.13872503288,243956.5158406649
2025-02-01,243322.9685637044,243965.8612923355
2025-02-01,243322.9685637044,244604.4241690362
2025-03-01,243554.69306470553,244677.4542441715
2025-03-01,243554.69306470553,244871.54676945377
2025-04-01,243792.04069374056,245084.02141256546
2025-04-01,243792.04069374056,245227.85666886665
2025-05-01,244104.15938236835,245299.6985522901
2025-05-01,244104.15938236835,245465.30846428053
2025-06-01,244521.9124136941,245638.91844059346
2025-06-01,244521.9124136941,245911.6350443203
2025-07-01,245334.94273022556,245968.83695034854
2025-07-01,245334.94273022556,246641.4406357682
2025-08-01,246081.7084805994,246819.30497428792
2025-08-01,246081.7084805994,247472.69891384756
2025-09-01,246877.0321938932,247515.0677263193
2025-09-01,246877.0321938932,248235.11602274654
2025-11-01,247989.92441746805,248709.6118519227
2025-11-01,247989.92441746805,249314.82240665113
2025-12-01,248828.71302430617,249371.90424736537
2025-12-01,248828.71302430617,250244.24521515743
2020-09-01,305378.6119509526,302642.9354195758
2020-09-01,305378.6119509526,306349.2042850257
2020-10-01,309013.6423617006,306524.36756893294
2020-10-01,309013.6423617006,310077.0791554214
2020-11-01,315351.64389286475,310153.58165189123
2020-11-01,315351.64389286475,316395.0892254064
2020-12-01,320726.32033743185,316477.08696144866
2020-12-01,320726.32033743185,321811.674700864
2021-01-01,326018.97285902186,321766.8262649795
2021-01-01,326018.97285902186,327039.8840881092
2021-02-01,331709.8651729018,327184.5420406271
2021-02-01,331709.8651729018,332781.7730102778
2021-03-01,337975.0140758921,332965.0281060238
2021-03-01,337975.0140758921,339068.5628159435
2021-04-01,345109.1382639427,339392.74010417255
2021-04-01,345109.1382639427,346281.20519217866
2021-05-01,353175.27820678,346571.28358524176
2021-05-01,353175.27820678,354360.26237761456
2021-06-01,361377.4159105328,354652.6780553162
2021-06-01,361377.4159105328,362578.2727682424
2021-07-01,368762.26196029305,362863.8159720394
2021-07-01,368762.26196029305,369982.8233540255
2021-08-01,374371.3554590855,370236.9536755248
2021-08-01,374371.3554590855,375679.5676507484
2021-09-01,378611.4012836478,375782.48965737247
2021-09-01,378611.4012836478,379903.7412393729
2021-10-01,382672.01670950087,380048.008405659
2021-10-01,382672.01670950087,384015.8206621554
2021-11-01,387146.1793327797,384116.8114545613
2021-11-01,387146.1793327797,388544.27811440075
2021-12-01,391894.4641056715,388624.21066234715
2021-12-01,391894.4641056715,393365.417707012
2022-01-01,397463.6321945965,393287.02040182124
2022-01-01,397463.6321945965,398863.26219867833
2022-02-01,404058.6883540705,399046.9286777144
2022-02-01,404058.6883540705,405532.90889722644
2022-03-01,412147.5744948166,405797.4620337721
2022-03-01,412147.5744948166,413679.82591122924
2022-04-01,420562.8009764492,413981.90002001275
2022-04-01,420562.8009764492,422093.23271900805
2022-05-01,427884.8393013002,422326.1872491685
2022-05-01,427884.8393013002,429348.38271204266
2022-06-01,433250.73055094434,429405.5314309683
2022-06-01,433250.73055094434,434519.36409505724
2022-07-01,434914.2520790787,434571.8364405934
2022-07-01,434914.2520790787,436052.3169622167
2022-08-01,433278.9061259339,436020.7144878501
2022-08-01,433278.9061259339,434345.37698043906
2022-09-01,429285.2486831501,434355.71522060025
2022-09-01,429285.2486831501,430396.81597707473
2022-10-01,425831.3378090792,430440.785515615
2022-10-01,425831.3378090792,427031.007212483
2022-11-01,422870.875319804,426898.185429197
2022-11-01,422870.875319804,424033.31945221534
2022-12-01,420390.6213418624,423924.10824488633
2022-12-01,420390.6213418624,421569.49966879457
2023-01-01,417741.7102507573,421408.18416516716
2023-01-01,417741.7102507573,418927.177867895
2023-02-01,415665.86002127675,419065.4396194391
2023-02-01,415665.86002127675,417035.71460419614
2023-03-01,414524.8874183173,417015.7391238323
2023-03-01,414524.8874183173,415834.30170450674
2023-04-01,414861.6116508084,416130.44788419735
2023-04-01,414861.6116508084,416309.82751386345
2023-05-01,416214.25583429815,416454.351895175
2023-05-01,416214.25583429815,417613.345304588
2023-06-01,418267.5268308023,417823.73284477025
2023-06-01,418267.5268308023,419680.87290909654
2023-07-01,420057.2840071387,419915.807742673
2023-07-01,420057.2840071387,421518.277635662
2023-08-01,421862.89123306616,421617.3599622922
2023-08-01,421862.89123306616,423317.5711736264
2023-09-01,423360.3035265627,423415.8712907556
2023-09-01,423360.3035265627,424850.18717492605
2023-10-01,424513.1004434228,424860.47693174065
2023-10-01,424513.1004434228,425969.55914565804
2023-11-01,425161.47668339586,425941.9245148073
2023-11-01,425161.47668339586,426620.08044453594
2023-12-01,425257.4972497126,426592.1498469397
2023-12-01,425257.4972497126,426763.24930642487
2024-01-01,425401.51916052337,426624.339479571
2024-01-01,425401.51916052337,426894.33080801606
2024-02-01,426271.3289131182,426919.99404316995
2024-02-01,426271.3289131182,427775.76169263246
2024-03-01,428185.2450585711,427892.9981266588
2024-03-01,428185.2450585711,429706.0567118881
2024-04-01,430504.9446499839,429959.62250068045
2024-04-01,430504.9446499839,432078.00258008915
2024-05-01,432203.5460541408,432256.06420999573
2024-05-01,432203.5460541408,433742.6469005108
2024-06-01,432736.82303307333,433814.47000386025
2024-06-01,432736.82303307333,434171.6624412982
2024-07-01,432865.4304420192,434348.4350075685
2024-07-01,432865.4304420192,434316.69524430746
2024-08-01,433260.709851987,434467.85775530915
2024-08-01,433260.709851987,434781.41101377615
2024-09-01,434382.9668493408,434930.59875703143
2024-09-01,434382.9668493408,435999.61443754676
2024-10-01,435742.17492107855,435969.71473030926
2024-10-01,435742.17492107855,437280.528124969
2024-11-01,436902.3789085567,437254.65618488594
2024-11-01,436902.3789085567,438437.1706631198
2024-12-01,438077.17750025494,438529.5582535524
2024-12-01,438077.17750025494,439755.474687917
2025-01-01,438936.3124966661,439555.44734474394
2025-01-01,438936.3124966661,440536.32218351524
2025-02-01,439650.0966151015,440507.69170271565
2025-02-01,439650.0966151015,441207.33163345396
2025-03-01,439584.50746227434,441236.8970671291
2025-03-01,439584.50746227434,441106.64768822456
2025-04-01,439327.8382216466,441237.6817574061
2025-04-01,439327.8382216466,440826.84934449
2025-05-01,438932.4053670841,441056.083666784
2025-05-01,438932.4053670841,440486.04223694326
2025-06-01,438511.2192854537,440578.6566697847
2025-06-01,438511.2192854537,439998.0208727641
2025-07-01,438155.449509707,440132.21304813615
2025-07-01,438155.449509707,439624.39637104
2025-08-01,438123.2086164128,439770.96023396915
2025-08-01,438123.2086164128,439662.02435908874
2025-09-01,438739.9622632734,439619.09566698875
2025-09-01,438739.9622632734,440189.8127303322
2025-11-01,440974.5990044866,441217.0678182696
2025-11-01,440974.5990044866,442448.84430887166
2025-12-01,442285.8869112285,442458.7529209706
2025-12-01,442285.8869112285,443809.0102647818
2020-09-01,302054.8289296937,298154.62636968953
2020-09-01,302054.8289296937,302095.83082573453
2020-10-01,307234.4447364386,302282.86158853874
2020-10-01,307234.4447364386,307334.738952596
2020-11-01,313134.20503371133,307387.5064912719
2020-11-01,313134.20503371133,313170.9307985439
2020-12-01,319117.6056330096,313239.577620827
2020-12-01,319117.6056330096,319136.85201739747
2021-01-01,324748.2100267303,319096.30554261315
2021-01-01,324748.2100267303,324656.3103739827
2021-02-01,330307.5633320057,324699.3530384457
2021-02-01,330307.5633320057,330196.68385274
2021-03-01,335792.31296630733,330323.86511069804
2021-03-01,335792.31296630733,335676.7571779181
2021-04-01,341945.4610085791,335886.4132947917
2021-04-01,341945.4610085791,341843.3627496188
2021-05-01,348921.9460787124,342065.20313902455
2021-05-01,348921.9460787124,348810.04928089835
2021-06-01,356276.9113124538,348942.84736743633
2021-06-01,356276.9113124538,356037.26956633624
2021-07-01,362320.46869192726,356259.61844500713
2021-07-01,362320.46869192726,362078.57901546196
2021-08-01,365437.0462528469,362212.5511131298
2021-08-01,365437.0462528469,365177.5587663718
2021-09-01,366173.3768225445,365319.19842289714
2021-09-01,366173.3768225445,365979.5566264326
2021-10-01,366414.1489930528,366060.18443713384
2021-10-01,366414.1489930528,366258.7082031646
2021-11-01,367816.6948101696,366308.0754623689
2021-11-01,367816.6948101696,367682.6439970124
2021-12-01,370333.72312655,367807.9696517396
2021-12-01,370333.72312655,370318.83557682915
2022-01-01,375382.2652207991,370238.0647758591
2022-01-01,375382.2652207991,375239.89711827977
2022-02-01,382362.463880491,375321.2065918298
2022-02-01,382362.463880491,382221.3051809885
2022-03-01,391197.8628716788,382317.0434302253
2022-03-01,391197.8628716788,390946.3060740889
2022-04-01,399972.9913876602,391229.2438731511
2022-04-01,399972.9913876602,399731.84638119425
2022-05-01,407677.89928267954,399913.47406512545
2022-05-01,407677.89928267954,407351.85866194346
2022-06-01,414013.33538448886,407445.4998784772
2022-06-01,414013.33538448886,413514.78417823504
2022-07-01,417168.571780688,413622.29195715574
2022-07-01,417168.571780688,416592.7614076964
2022-08-01,417284.50390409,416697.9316276168
2022-08-01,417284.50390409,416709.6748039089
2022-09-01,415176.9677951697,416730.397088105
2022-09-01,415176.9677951697,414589.6108384801
2022-10-01,413469.2329484956,414677.63839242526
2022-10-01,413469.2329484956,412959.72307261144
2022-11-01,412952.8783060751,412956.9985267331
2022-11-01,412952.8783060751,412452.6465061726
2022-12-01,413112.5539491026,412431.1062991946
2022-12-01,413112.5539491026,412641.99551175244
2023-01-01,413167.7731387314,412565.5324822381
2023-01-01,413167.7731387314,412675.36660018965
2023-02-01,413520.108807521,412710.826315789
2023-02-01,413520.108807521,413101.7891725807
2023-03-01,414676.25682034774,413222.88834760414
2023-03-01,414676.25682034774,414303.8113089707
2023-04-01,417332.6187481048,414575.18412646395
2023-04-01,417332.6187481048,417055.04887693434
2023-05-01,421041.080471314,417177.91510925896
2023-05-01,421041.080471314,420682.4031692733
2023-06-01,425462.49455363245,420931.8050463292
2023-06-01,425462.49455363245,425107.3763177591
2023-07-01,429814.21328945295,425275.2598955679
2023-07-01,429814.21328945295,429412.08419332496
2023-08-01,434078.8959558189,429582.0747063643
2023-08-01,434078.8959558189,433660.3111741005
2023-09-01,437845.9704352752,433790.9501712237
2023-09-01,437845.9704352752,437409.3453239951
2023-10-01,440815.9909597698,437465.02818759053
2023-10-01,440815.9909597698,440333.342965351
2023-11-01,442846.39276746986,440295.91766441026
2023-11-01,442846.39276746986,442294.23130617815
2023-12-01,444106.9121156141,442276.833096103
2023-12-01,444106.9121156141,443583.9294992094
2024-01-01,444772.13936002686,443468.3095996907
2024-01-01,444772.13936002686,444188.2255253855
2024-02-01,445904.5551208295,444324.10797079466
2024-02-01,445904.5551208295,445477.7126633659
2024-03-01,448504.2925588031,445514.8436148378
2024-03-01,448504.2925588031,448001.4278214427
2024-04-01,452337.444820062,448250.09827519004
2024-04-01,452337.444820062,451867.19676140125
2024-05-01,455823.23237430456,452040.9564302077
2024-05-01,455823.23237430456,455313.5079257586
2024-06-01,457746.7057044105,455458.16768083797
2024-06-01,457746.7057044105,457167.12520439335
2024-07-01,458659.4677370597,457351.31494497426
2024-07-01,458659.4677370597,458104.01795509143
2024-08-01,459758.36052705033,458238.7143391237
2024-08-01,459758.36052705033,459201.2774195241
2024-09-01,461192.29716661223,459359.365771952
2024-09-01,461192.29716661223,460679.8962883403
2024-10-01,462524.6497421036,460770.8965223653
2024-10-01,462524.6497421036,462025.5304735569
2024-11-01,462889.3316696784,462011.674355857
2024-11-01,462889.3316696784,462373.36894924275
2024-12-01,463184.397432024,462392.3265140006
2024-12-01,463184.397432024,462760.4482809442
2025-01-01,463590.0248408136,462631.3291241803
2025-01-01,463590.0248408136,463102.4938072572
2025-02-01,464484.2430794673,463164.5011965329
2025-02-01,464484.2430794673,464077.30976550316
2025-03-01,464891.0682721406,464161.16891513177
2025-03-01,464891.0682721406,464484.72087292373
2025-04-01,465208.2480541077,464671.9771233795
2025-04-01,465208.2480541077,464822.9738618434
2025-05-01,465410.34195829777,465027.13813496765
2025-05-01,465410.34195829777,465066.3488342329
2025-06-01,465545.9279792024,465193.823986334
2025-06-01,465545.9279792024,465137.04085126956
2025-07-01,465714.02610922314,465278.5018574659
2025-07-01,465714.02610922314,465293.6866182738
2025-08-01,465895.05342783616,465478.96813110413
2025-08-01,465895.05342783616,465532.50811091217
2025-09-01,466580.5040234899,465573.3934885218
2025-09-01,466580.5040234899,466153.39551005117
2025-11-01,469330.8788068167,467374.7422160669
2025-11-01,469330.8788068167,468901.63616858784
2025-12-01,471242.23858950846,468863.92652161286
2025-12-01,471242.23858950846,470824.0059155343
2020-09-01,397935.9570785604,392989.46093798964
2020-09-01,397935.9570785604,397851.76131631556
2020-10-01,404097.8895465975,398006.4531991256
2020-10-01,404097.8895465975,404052.87298894685
2020-11-01,411025.87130806496,404097.33329239493
2020-11-01,411025.87130806496,410924.8122752779
2020-12-01,417765.91365896055,410958.15334784274
2020-12-01,417765.91365896055,417634.9659887095
2021-01-01,424084.90433610656,417571.72296053474
2021-01-01,424084.90433610656,423829.7261443707
2021-02-01,430452.3358617128,423982.8396756027
2021-02-01,430452.3358617128,430241.9627747647
2021-03-01,437120.52288980625,430372.40758941934
2021-03-01,437120.52288980625,436878.1073587193
2021-04-01,444713.6429101985,437126.1844385218
2021-04-01,444713.6429101985,444495.0347815607
2021-05-01,452974.61483644106,444733.7863283946
2021-05-01,452974.61483644106,452740.573280042
2021-06-01,461299.79874083254,452882.1236322665
2021-06-01,461299.79874083254,460962.32761058793
2021-07-01,468669.5525422362,461154.71110504406
2021-07-01,468669.5525422362,468330.84993811225
2021-08-01,473646.7965785668,468479.35969742894
2021-08-01,473646.7965785668,473313.889757928
2021-09-01,476947.74476517073,473396.6370504272
2021-09-01,476947.74476517073,476617.69190610206
2021-10-01,479858.9928416835,476731.697001201
2021-10-01,479858.9928416835,479589.34333645744
2021-11-01,483650.73218998633,479618.53588153684
2021-11-01,483650.73218998633,483377.4443249264
2021-12-01,488078.5367770423,483457.8219033315
2021-12-01,488078.5367770423,487882.80131740414
2022-01-01,494668.5570466468,487819.53504780703
2022-01-01,494668.5570466468,494358.1291140248
2022-02-01,503227.2762196419,494474.44765032077
2022-02-01,503227.2762196419,502887.59105530026
2022-03-01,513846.4231062787,503024.86548067624
2022-03-01,513846.4231062787,513399.4875896599
2022-04-01,523606.4627319419,513625.9065204756
2022-04-01,523606.4627319419,523099.48981245735
2022-05-01,531319.0147471951,523206.79740979656
2022-05-01,531319.0147471951,530656.8393908448
2022-06-01,535781.5772562091,530697.3736393147
2022-06-01,535781.5772562091,534964.8130012911
2022-07-01,536006.1642236116,534954.5360521597
2022-07-01,536006.1642236116,535109.4315595208
2022-08-01,532458.1751297396,535114.173239276
2022-08-01,532458.1751297396,531572.7330617807
2022-09-01,515024.7973617975,531602.0592681769
2022-09-01,515024.7973617975,514470.23264500895
2022-10-01,522117.2374058989,514451.74957585416
2022-10-01,522117.2374058989,521415.1521448062
2022-11-01,518521.4152695997,521252.06829033303
2022-11-01,518521.4152695997,517762.47009425657
2022-12-01,515446.9224494715,517717.49161645724
2022-12-01,515446.9224494715,514781.48347713245
2023-01-01,511767.2398750432,514628.03017827426
2023-01-01,511767.2398750432,511084.7415976008
2023-02-01,508732.4238181583,511123.6132133831
2023-02-01,508732.4238181583,508154.9034287954
2023-03-01,507193.23257686454,508242.4769759349
2023-03-01,507193.23257686454,506680.8133378484
2023-04-01,507817.58991873,506880.53625150153
2023-04-01,507817.58991873,507382.6171900528
2023-05-01,509798.7940501666,507602.0550319012
2023-05-01,509798.7940501666,509426.8724131011
2023-06-01,512547.9877708629,509530.8976736696
2023-06-01,512547.9877708629,512109.75193819625
2023-07-01,515386.764225359,512193.0797288644
2023-07-01,515386.764225359,514912.2371501149
2023-08-01,518195.66614556295,515028.6756646319
2023-08-01,518195.66614556295,517723.847443129
2023-09-01,520314.7045028573,517739.371894952
2023-09-01,520314.7045028573,519800.9596736908
2023-10-01,521507.81928574975,519820.4467266506
2023-10-01,521507.81928574975,520993.28651890456
2023-11-01,521924.7643489802,520968.61875777796
2023-11-01,521924.7643489802,521420.92790773726
2023-12-01,521869.385866458,521370.89413069555
2023-12-01,521869.385866458,521403.31339138903
2024-01-01,521641.3195725206,521231.1746236238
2024-01-01,521641.3195725206,521080.13250443304
2024-02-01,521924.80107810575,521247.3154254328
2024-02-01,521924.80107810575,521535.975973871
2024-03-01,523709.0426566175,521537.2078016798
2024-03-01,523709.0426566175,523233.5051609581
2024-04-01,526626.031970452,523460.814152691
2024-04-01,526626.031970452,526203.6413996625
2024-05-01,529472.570882343,526287.9499462834
2024-05-01,529472.570882343,528958.8018042217
2024-06-01,530914.995094264,529050.3545912374
2024-06-01,530914.995094264,530336.3455722355
2024-07-01,531599.4867456206,530435.9795256759
2024-07-01,531599.4867456206,531033.4348023653
2024-08-01,532053.7394380526,531133.2704671377
2024-08-01,532053.7394380526,531511.6863440521
2024-09-01,532848.4769692472,531541.6059243933
2024-09-01,532848.4769692472,532302.0216037994
2024-10-01,533571.5143793249,532284.1377189452
2024-10-01,533571.5143793249,532995.9762549378
2024-11-01,534230.4252139252,532964.6156058649
2024-11-01,534230.4252139252,533655.4862004102
2024-12-01,535078.9704759303,533633.9459934323
2024-12-01,535078.9704759303,534555.9172158173
2025-01-01,535538.5155893768,534437.3304465744
2025-01-01,535538.5155893768,534964.3897215789
2025-02-01,535534.8973368107,534975.9603255426
2025-02-01,535534.8973368107,534981.7541473082
2025-03-01,534296.9145195152,534994.7051105277
2025-03-01,534296.9145195152,533722.6373285456
2025-04-01,532895.2038625835,533896.3943217561
2025-04-01,532895.2038625835,532397.8887410257
2025-05-01,531209.0340241535,532483.2298816943
2025-05-01,531209.0340241535,530706.5264761489
2025-06-01,529543.6590058063,530806.8547702732
2025-06-01,529543.6590058063,529041.2187316888
2025-07-01,528204.2453683346,529118.0019778969
2025-07-01,528204.2453683346,527727.6744667839
2025-08-01,527298.4282681087,527763.5740889993
2025-08-01,527298.4282681087,526806.0023406444
2025-09-01,527349.3790340929,526823.3011039464
2025-09-01,527349.3790340929,526852.8449623119
2025-11-01,529404.1371516745,527597.063376724
2025-11-01,529404.1371516745,528897.7697648767
2025-12-01,530882.664142454,528848.1926390049
2025-12-01,530882.664142454,530389.4685626539
2020-09-01,192700.22295979885,191385.24345963818
2020-09-01,192700.22295979885,193314.96528691534
2020-10-01,195396.37123970632,193495.91396678486
2020-10-01,195396.37123970632,196110.51610118517
2020-11-01,198491.4051082424,196160.91014408175
2020-11-01,198491.4051082424,199183.98509010472
2020-12-01,202169.45013490913,199269.83975678842
2020-12-01,202169.45013490913,202888.51112604275
2021-01-01,204930.9229533211,202856.71691694483
2021-01-01,204930.9229533211,205590.92463047322
2021-02-01,207755.62348860488,205711.69928171107
2021-02-01,207755.62348860488,208469.55282568466
2021-03-01,210698.6369441698,208618.68891960205
2021-03-01,210698.6369441698,211464.34943560557
2021-04-01,213831.75407657216,211667.62678257216
2021-04-01,213831.75407657216,214670.38012988566
2021-05-01,217364.39869511905,214863.29353948013
2021-05-01,217364.39869511905,218232.57522951538
2021-06-01,220861.7611664818,218397.5638525613
2021-06-01,220861.7611664818,221732.80458452035
2021-07-01,224530.38186554145,221949.07138025656
2021-07-01,224530.38186554145,225455.54108246096
2021-08-01,227203.54446809425,225671.54712800385
2021-08-01,227203.54446809425,228218.6375485269
2021-09-01,229514.75202826713,228329.42175992014
2021-09-01,229514.75202826713,230540.9326747611
2021-10-01,231462.19289292375,230684.01309315755
2021-10-01,231462.19289292375,232557.57273898093
2021-11-01,234127.92652225427,232672.21113211827
2021-11-01,234127.92652225427,235270.60465977815
2021-12-01,237145.52003472333,235394.44687964325
2021-12-01,237145.52003472333,238368.94689617693
2022-01-01,241266.6949271829,238356.8591293228
2022-01-01,241266.6949271829,242432.47889715017
2022-02-01,246032.0932708895,242620.74402425875
2022-02-01,246032.0932708895,247280.54702975813
2022-03-01,251429.44133609976,247440.36966503836
2022-03-01,251429.44133609976,252685.51010657224
2022-04-01,256623.11900784908,252942.93282600606
2022-04-01,256623.11900784908,257949.86984476048
2022-05-01,261355.870092352,258144.1067250197
2022-05-01,261355.870092352,262667.7247800053
2022-06-01,265793.5212245462,262808.390881668
2022-06-01,265793.5212245462,267040.2505029075
2022-07-01,268710.3773063662,267120.7597673377
2022-07-01,268710.3773063662,269871.91180728044
2022-08-01,270027.18432276516,269952.30866500357
2022-08-01,270027.18432276516,271160.6787003447
2022-09-01,269821.8826794601,271232.1344568251
2022-09-01,269821.8826794601,270965.33122107363
2022-10-01,269470.82158535975,271034.51915226993
2022-10-01,269470.82158535975,270649.55445927265
2022-11-01,269107.85752856836,270637.18758679053
2022-11-01,269107.85752856836,270259.6747910064
2022-12-01,268666.73060746613,270290.351491175
2022-12-01,268666.73060746613,269870.6750109628
2023-01-01,267862.20931563136,269809.34301704203
2023-01-01,267862.20931563136,269053.86087817873
2023-02-01,267352.7578037987,269126.4064653311
2023-02-01,267352.7578037987,268606.72764759895
2023-03-01,267726.6769169072,268726.195044274
2023-03-01,267726.6769169072,269036.43307694484
2023-04-01,269006.2876733313,269235.85930362553
2023-04-01,269006.2876733313,270391.99162962293
2023-05-01,270792.81678146246,270542.4497503829
2023-05-01,270792.81678146246,272165.0407730311
2023-06-01,272605.9255277896,272329.88686294644
2023-06-01,272605.9255277896,273974.71256466926
2023-07-01,274073.4421454584,274172.85821366525
2023-07-01,274073.4421454584,275494.4582969718
2023-08-01,275266.2711064225,275596.35914984
2023-08-01,275266.2711064225,276682.2857721917
2023-09-01,276190.3991823701,276786.8163157417
2023-09-01,276190.3991823701,277623.81001604855
2023-10-01,276935.3988387856,277684.5365581752
2023-10-01,276935.3988387856,278375.9528853153
2023-11-01,277648.3847326357,278381.8438823484
2023-11-01,277648.3847326357,279056.8169434152
2023-12-01,278105.38378115353,279107.65673699736
2023-12-01,278105.38378115353,279567.39059187216
2024-01-01,278335.7275425364,279433.52444354945
2024-01-01,278335.7275425364,279695.53798902105
2024-02-01,278749.9893605478,279840.7660740615
2024-02-01,278749.9893605478,280226.95023374265
2024-03-01,279915.85946459335,280310.95772685757
2024-03-01,279915.85946459335,281393.7104109371
2024-04-01,281622.2605293852,281594.7626056105
2024-04-01,281622.2605293852,283160.50330762105
2024-05-01,283155.49414315046,283314.68163624755
2024-05-01,283155.49414315046,284676.7604417546
2024-06-01,283948.88621803693,284794.4216823434
2024-06-01,283948.88621803693,285427.7213330444
2024-07-01,284200.74177714455,285525.8718516226
2024-07-01,284200.74177714455,285649.53296923154
2024-08-01,284223.85289522907,285750.40703840746
2024-08-01,284223.85289522907,285687.05459147366
2024-09-01,284103.89280612353,285797.96971528634
2024-09-01,284103.89280612353,285604.8537212209
2024-10-01,284052.8433157906,285706.9797167118
2024-10-01,284052.8433157906,285617.2598347585
2024-11-01,283863.48292987206,285654.8789067741
2024-11-01,283863.48292987206,285439.32666782726
2024-12-01,284144.98620022676,285494.1833562483
2024-12-01,284144.98620022676,285777.19340465876
2025-01-01,284425.3718829169,285631.45977743913
2025-01-01,284425.3718829169,285943.63482938847
2025-02-01,284645.48337687564,286021.66331517504
2025-02-01,284645.48337687564,286214.1467298149
2025-03-01,284106.6041183884,286313.87863246823
2025-03-01,284106.6041183884,285719.91928387235
2025-04-01,283173.5486637938,285837.75078278105
2025-04-01,283173.5486637938,284807.75100946537
2025-05-01,282252.8205128524,284928.3978998524
2025-05-01,282252.8205128524,283877.2701477754
2025-06-01,281409.15013119957,283963.6541541959
2025-06-01,281409.15013119957,282986.6858795889
2025-07-01,280876.9424970579,283094.32457092905
2025-07-01,280876.9424970579,282446.83523713297
2025-08-01,280441.17203585844,282582.42168208247
2025-08-01,280441.17203585844,282068.01980215794
2025-09-01,280370.3634474253,282098.9661661914
2025-09-01,280370.3634474253,281950.9839893595
2025-11-01,280672.8827847366,282111.8528161552
2025-11-01,280672.8827847366,282293.19903883454
2025-12-01,280998.00074742327,282343.90210964176
2025-12-01,280998.00074742327,282664.5340194228
2020-09-01,256360.845065492,253833.11082587042
2020-09-01,256360.845065492,256521.520847396
2020-10-01,259765.23670598763,256686.7451177271
2020-10-01,259765.23670598763,260001.33355478197
2020-11-01,263615.48085721716,260040.0084622678
2020-11-01,263615.48085721716,263815.25635678286
2020-12-01,267368.0174047568,263884.4965530109
2020-12-01,267368.0174047568,267593.49954944453
2021-01-01,270977.0934026611,267545.38755686337
2021-01-01,270977.0934026611,271124.98652986396
2021-02-01,274666.3310796129,271228.25664972886
2021-02-01,274666.3310796129,274857.3217871798
2021-03-01,278517.195320678,274967.2952007373
2021-03-01,278517.195320678,278716.00494164776
2021-04-01,282728.80837922683,278924.622654118
2021-04-01,282728.80837922683,282989.0365440353
2021-05-01,287400.997600479,283175.8678706951
2021-05-01,287400.997600479,287662.2875611469
2021-06-01,292425.8119782151,287817.7822010753
2021-06-01,292425.8119782151,292642.3419526686
2021-07-01,296936.14374559233,292845.406178132
2021-07-01,296936.14374559233,297174.57205620204
2021-08-01,300141.389672314,297342.0697817537
2021-08-01,300141.389672314,300415.4792238055
2021-09-01,302097.67277392256,300529.8236788679
2021-09-01,302097.67277392256,302395.0037085017
2021-10-01,304015.0652939859,302515.9809474526
2021-10-01,304015.0652939859,304367.01610989904
2021-11-01,306614.4212016247,304435.22299185215
2021-11-01,306614.4212016247,306985.5170594405
2021-12-01,309817.95330561785,307074.20187307335
2021-12-01,309817.95330561785,310252.58792646544
2022-01-01,314225.276816765,310193.77196145465
2022-01-01,314225.276816765,314566.7525029195
2022-02-01,319503.9132964393,314699.09213572636
2022-02-01,319503.9132964393,319889.5598877481
2022-03-01,325710.2096905773,320012.8900254203
2022-03-01,325710.2096905773,326066.96005206124
2022-04-01,331913.092098735,326292.7856089319
2022-04-01,331913.092098735,332293.2158919304
2022-05-01,337456.0024763103,332461.78934907506
2022-05-01,337456.0024763103,337780.39468321775
2022-06-01,342089.23145479796,337888.12853094155
2022-06-01,342089.23145479796,342306.9313169995
2022-07-01,344524.07199624844,342395.30278619885
2022-07-01,344524.07199624844,344673.1412249597
2022-08-01,344894.6976634299,344737.0719557133
2022-08-01,344894.6976634299,345021.23211650935
2022-09-01,343629.28483492875,345081.4137680377
2022-09-01,343629.28483492875,343778.71102986496
2022-10-01,342412.4605889415,343825.05406418466
2022-10-01,342412.4605889415,342598.2330364126
2022-11-01,341413.38529711403,342564.35635842977
2022-11-01,341413.38529711403,341584.8118262604
2022-12-01,340505.9900617104,341591.01185120404
2022-12-01,340505.9900617104,340738.2532234099
2023-01-01,339316.82624399953,340620.1056742701
2023-01-01,339316.82624399953,339504.25127162796
2023-02-01,338447.7516290096,339584.0656896046
2023-02-01,338447.7516290096,338738.9586934687
2023-03-01,338386.3255675688,338819.70844024257
2023-03-01,338386.3255675688,338717.72570249625
2023-04-01,339349.6346774517,338921.6022337632
2023-04-01,339349.6346774517,339770.949111847
2023-05-01,340973.63889987016,339921.11054563464
2023-05-01,340973.63889987016,341384.605830883
2023-06-01,342909.1402956647,341522.7500932802
2023-06-01,342909.1402956647,343285.79272889695
2023-07-01,344655.1064145435,343456.64317643
2023-07-01,344655.1064145435,345053.65696115536
2023-08-01,346275.28824571497,345177.66099346906
2023-08-01,346275.28824571497,346685.9123903504
2023-09-01,347499.34300468065,346760.7742366581
2023-09-01,347499.34300468065,347898.86312593706
2023-10-01,348415.30954625923,347954.5459895325
2023-10-01,348415.30954625923,348820.76222436305
2023-11-01,349064.20005328406,348817.9009557096
2023-11-01,349064.20005328406,349457.10234270536
2023-12-01,349494.82434051315,349465.0708687724
2023-12-01,349494.82434051315,349928.4345828514
2024-01-01,349923.3510097146,349798.7220521427
2024-01-01,349923.3510097146,350275.00935464574
2024-02-01,350708.659714852,350378.84960703313
2024-02-01,350708.659714852,351156.8597539705
2024-03-01,352235.9195859966,351218.4673806675
2024-03-01,352235.9195859966,352671.2537369082
2024-04-01,354074.8451990112,352872.00924460916
2024-04-01,354074.8451990112,354571.6981435361
2024-05-01,355495.3036312845,354709.1136582206
2024-05-01,355495.3036312845,355962.7130985453
2024-06-01,356051.7010021971,356073.5505387684
2024-06-01,356051.7010021971,356473.31688204524
2024-07-01,356198.3671046192,356603.95462410385
2024-07-01,356198.3671046192,356625.841102486
2024-08-01,356439.48111675726,356749.4117250523
2024-08-01,356439.48111675726,356900.35611011565
2024-09-01,356885.90304830554,356994.80510695884
2024-09-01,356885.90304830554,357366.12737745914
2024-10-01,357468.983985238,357441.8482324043
2024-10-01,357468.983985238,357980.5492545243
2024-11-01,357957.4552939283,357963.4295801278
2024-11-01,357957.4552939283,358444.56385019294
2024-12-01,358670.77566325944,358475.3888938477
2024-12-01,358670.77566325944,359216.40645348624
2025-01-01,359294.5970597044,359104.4951411229
2025-01-01,359294.5970597044,359775.16154902364
2025-02-01,359749.6812258899,359816.84588068834
2025-02-01,359749.6812258899,360268.46958594583
2025-03-01,359477.1521001716,360327.5553733772
2025-03-01,359477.1521001716,360009.4450235017
2025-04-01,358954.4804520947,360172.3729422187
2025-04-01,358954.4804520947,359547.892105071
2025-05-01,358275.968224309,359675.9561697687
2025-05-01,358275.968224309,358863.6354210289
2025-06-01,357665.0983029811,358987.9953599196
2025-06-01,357665.0983029811,358237.3279463444
2025-07-01,357242.8764101186,358343.928233281
2025-07-01,357242.8764101186,357804.7018806049
2025-08-01,357017.5955545494,357935.3929905093
2025-08-01,357017.5955545494,357625.242422823
2025-09-01,357256.6670892593,357664.79270905675
2025-09-01,357256.6670892593,357830.04990208347
2025-11-01,358355.2923194203,358293.3087924002
2025-11-01,358355.2923194203,358949.8966211695
2025-12-01,359137.80833573075,358961.14032464434
2025-12-01,359137.80833573075,359768.59959579527
2020-09-01,170701.19768034358,169112.55490547343
2020-09-01,170701.19768034358,171264.3788198959
2020-10-01,172270.70116301847,171418.47732876113
2020-10-01,172270.70116301847,172924.0057669415
2020-11-01,174256.89647796252,172934.4954120471
2020-11-01,174256.89647796252,174888.82086210005
2020-12-01,175804.18106931256,174938.47971814816
2020-12-01,175804.18106931256,176491.47363391315
2021-01-01,177205.32000519367,176428.97232316944
2021-01-01,177205.32000519367,177856.60186774965
2021-02-01,178731.5164519861,177933.76353404127
2021-02-01,178731.5164519861,179454.7823995148
2021-03-01,180435.88677239616,179538.05398555426
2021-03-01,180435.88677239616,181181.016651298
2021-04-01,182477.73883538923,181369.6079931296
2021-04-01,182477.73883538923,183302.76475676493
2021-05-01,184827.9701360272,183503.54037112862
2021-05-01,184827.9701360272,185697.13633063927
2021-06-01,187421.9898177222,185839.87343075345
2021-06-01,187421.9898177222,188265.0677139319
2021-07-01,189741.83733662867,188453.5942777465
2021-07-01,189741.83733662867,190613.95243166527
2021-08-01,191284.77392116803,190777.44488308925
2021-08-01,191284.77392116803,192209.42430210602
2021-09-01,192121.18340605905,192323.91710065457
2021-09-01,192121.18340605905,193082.2199844172
2021-10-01,192984.7873158184,193188.06618777456
2021-10-01,192984.7873158184,193999.17263340685
2021-11-01,194336.4220697285,194022.72812601028
2021-11-01,194336.4220697285,195358.89116691056
2021-12-01,195970.18341898045,195440.90052366396
2021-12-01,195970.18341898045,197088.27738153317
2022-01-01,198165.18696477468,196980.9530965312
2022-01-01,198165.18696477468,199195.43662839834
2022-02-01,200629.1754028846,199319.17233900484
2022-02-01,200629.1754028846,201762.692871436
2022-03-01,203494.559543728,201833.21272801684
2022-03-01,203494.559543728,204613.49835488896
2022-04-01,206325.29594359265,204859.05359542585
2022-04-01,206325.29594359265,207550.1438712854
2022-05-01,208892.6262623454,207716.78886310925
2022-05-01,208892.6262623454,210101.39450831775
2022-06-01,211202.78205996915,210201.56283824478
2022-06-01,211202.78205996915,212330.15569754975
2022-07-01,212510.99407067505,212462.14015169538
2022-07-01,212510.99407067505,213616.8282308653
2022-08-01,212863.13326650675,213708.94422399916
2022-08-01,212863.13326650675,213966.79845162542
2022-09-01,212443.82166342807,214022.974829026
2022-09-01,212443.82166342807,213544.01425949507
2022-10-01,212238.15108674136,213608.4551991326
2022-10-01,212238.15108674136,213372.59027957235
2022-11-01,212236.78271003172,213349.24598911055
2022-11-01,212236.78271003172,213359.62187256315
2022-12-01,212214.65754627556,213348.16902264766
2022-12-01,212214.65754627556,213378.37031898324
2023-01-01,211929.2292490673,213246.57516911195
2023-01-01,211929.2292490673,213027.50513442676
2023-02-01,211669.6016136455,213108.35795680693
2023-02-01,211669.6016136455,212876.63892573654
2023-03-01,212014.4539469339,212946.4112545307
2023-03-01,212014.4539469339,213251.25778609357
2023-04-01,213065.57483967705,213464.62830047813
2023-04-01,213065.57483967705,214399.58127618174
2023-05-01,214539.18692059573,214551.37448831767
2023-05-01,214539.18692059573,215851.66291466932
2023-06-01,215941.19031983797,216005.67993009117
2023-06-01,215941.19031983797,217233.8943592434
2023-07-01,216850.19669407816,217413.79375943536
2023-07-01,216850.19669407816,218168.8921516859
2023-08-01,217452.61678248105,218305.80206730004
2023-08-01,217452.61678248105,218806.67159969837
2023-09-01,217743.27278892652,218841.33236124268
2023-09-01,217743.27278892652,219056.33682310124
2023-10-01,217819.9682559609,219125.37060045576
2023-10-01,217819.9682559609,219168.46732625394
2023-11-01,217792.73083497267,219158.48557026233
2023-11-01,217792.73083497267,219141.0938949287
2023-12-01,217632.7432271383,219134.52475934703
2023-12-01,217632.7432271383,219036.51538994463
2024-01-01,217665.55117189712,218938.10333482653
2024-01-01,217665.55117189712,219032.61315743788
2024-02-01,218249.42583245417,219094.02717276875
2024-02-01,218249.42583245417,219688.54277834605
2024-03-01,219595.7077238251,219742.73323073244
2024-03-01,219595.7077238251,221027.95189919765
2024-04-01,221207.6050745532,221251.84899074765
2024-04-01,221207.6050745532,222727.1946562536
2024-05-01,222424.070715448,222853.4844094723
2024-05-01,222424.070715448,223891.26050203538
2024-06-01,223119.02586805157,223990.67549382016
2024-06-01,223119.02586805157,224516.9615775812
2024-07-01,223507.67233665544,224668.07072073696
2024-07-01,223507.67233665544,224906.13310412382
2024-08-01,223958.29489355604,225075.3935204433
2024-08-01,223958.29489355604,225425.0275220536
2024-09-01,224444.61379810792,225524.6685409142
2024-09-01,224444.61379810792,225928.03474914454
2024-10-01,225202.16729734337,225981.6524246442
2024-10-01,225202.16729734337,226693.99601581797
2024-11-01,226049.0860180127,226690.82062912534
2024-11-01,226049.0860180127,227527.23276188853
2024-12-01,227232.4753780881,227508.65942463488
2024-12-01,227232.4753780881,228733.06987878532
2025-01-01,228320.95449874157,228634.6578236672
2025-01-01,228320.95449874157,229765.60399741115
2025-02-01,229228.82027485207,229795.56919366514
2025-02-01,229228.82027485207,230706.05030825047
2025-03-01,229525.0333576754,230742.14285531902
2025-03-01,229525.0333576754,230994.3478661791
2025-04-01,229610.42293287464,231189.76300837647
2025-04-01,229610.42293287464,231158.91523156993
2025-05-01,229741.9935928593,231309.23081919932
2025-05-01,229741.9935928593,231275.65290719463
2025-06-01,230114.57195597133,231449.4112269938
2025-06-01,230114.57195597133,231652.71256498323
2025-07-01,230817.93328792808,231788.38817521738
2025-07-01,230817.93328792808,232329.7498929196
2025-08-01,231617.13426441897,232457.91916355843
2025-08-01,231617.13426441897,233146.0227526137
2025-09-01,232533.36374178273,233236.60319810422
2025-09-01,232533.36374178273,234056.9427167467
2025-11-01,234362.31286856055,234910.19893297387
2025-11-01,234362.31286856055,235887.32509254164
2025-12-01,235617.4480032712,235884.92119528505
2025-12-01,235617.4480032712,237181.83690940362
2020-09-01,163312.44794751183,161840.60479790514
2020-09-01,163312.44794751183,164009.30126273798
2020-10-01,165303.01132415098,164160.432901879
2020-10-01,165303.01132415098,166102.43174123278
2020-11-01,166874.98810905998,166104.76249459677
2020-11-01,166874.98810905998,167650.69475520303
2020-12-01,167821.4445343126,167727.79715620025
2020-12-01,167821.4445343126,168679.57225757503
2021-01-01,168818.04646296977,168643.6244308632
2021-01-01,168818.04646296977,169653.96995417087
2021-02-01,170187.4753131916,169763.17381348423
2021-02-01,170187.4753131916,171117.84263786947
2021-03-01,171877.4105352392,171205.26784152284
2021-03-01,171877.4105352392,172843.55443472308
2021-04-01,173714.91360569655,173043.4198815068
2021-04-01,173714.91360569655,174790.66570761643
2021-05-01,175623.2581516077,174936.85091905424
2021-05-01,175623.2581516077,176728.56745180243
2021-06-01,177725.5855389154,176891.92429650002
2021-06-01,177725.5855389154,178852.5521480697
2021-07-01,179685.34122268914,179048.7925731673
2021-07-01,179685.34122268914,180900.02523703204
2021-08-01,181253.99749921588,181035.48076956204
2021-08-01,181253.99749921588,182520.15118649957
2021-09-01,182273.99396459784,182671.28482614236
2021-09-01,182273.99396459784,183625.52826116158
2021-10-01,183641.65440876747,183725.58906855667
2021-10-01,183641.65440876747,185052.71018997533
2021-11-01,185583.9514361709,185111.7197757833
2021-11-01,185583.9514361709,187026.80988497
2021-12-01,187727.9521873113,187111.93445493386
2021-12-01,187727.9521873113,189244.45780443092
2022-01-01,189940.5055309504,189179.41141299927
2022-01-01,189940.5055309504,191391.24448389048
2022-02-01,191787.2182653104,191519.1338121109
2022-02-01,191787.2182653104,193345.88335952387
2022-03-01,193598.28572976097,193441.02823481584
2022-03-01,193598.28572976097,195193.92100138793
2022-04-01,195254.90942308243,195444.07488999737
2022-04-01,195254.90942308243,196996.40627557816
2022-05-01,196987.54017658008,197162.45789345718
2022-05-01,196987.54017658008,198761.06716845115
2022-06-01,198892.12559897307,198869.24604663358
2022-06-01,198892.12559897307,200616.32967489972
2022-07-01,200063.49370493213,200701.5859308887
2022-07-01,200063.49370493213,201767.03911473136
2022-08-01,200236.33143761635,201815.542122919
2022-08-01,200236.33143761635,201925.2756152359
2022-09-01,199448.33601352372,201963.9474612635
2022-09-01,199448.33601352372,201137.01675849358
2022-10-01,198719.28503091368,201169.86053556803
2022-10-01,198719.28503091368,200438.3228979724
2022-11-01,198019.6514336641,200430.703017049
2022-11-01,198019.6514336641,199757.1179557833
2022-12-01,197171.4319565377,199734.83603137432
2022-12-01,197171.4319565377,198931.11768367322
2023-01-01,196149.0095355843,198756.59960977297
2023-01-01,196149.0095355843,197797.00789240486
2023-02-01,195260.93920549145,197940.46166596634
2023-02-01,195260.93920549145,197084.42159615175
2023-03-01,195098.98393709457,197136.98608054538
2023-03-01,195098.98393709457,196950.41258282948
2023-04-01,195588.21981576332,197107.2642289674
2023-04-01,195588.21981576332,197506.3733654429
2023-05-01,196440.83510920816,197611.29003593596
2023-05-01,196440.83510920816,198338.9213188879
2023-06-01,197150.66541475325,198419.06327817633
2023-06-01,197150.66541475325,198991.2518679303
2023-07-01,197364.5404331303,199130.35680941408
2023-07-01,197364.5404331303,199255.45239653465
2023-08-01,197203.40986336963,199338.513626654
2023-08-01,197203.40986336963,199119.37240089296
2023-09-01,196753.6167140782,199206.10172609758
2023-09-01,196753.6167140782,198711.60859989154
2023-10-01,196261.0670710332,198715.51958679914
2023-10-01,196261.0670710332,198218.0693552814
2023-11-01,195856.5867318039,198166.40307966433
2023-11-01,195856.5867318039,197785.2221530554
2023-12-01,195445.3925432884,197798.23435765362
2023-12-01,195445.3925432884,197423.36873798075
2024-01-01,195113.93572302713,197323.62159148674
2024-01-01,195113.93572302713,197043.940440449
2024-02-01,195273.5260402004,197097.64059449686
2024-02-01,195273.5260402004,197270.0250849388
2024-03-01,196128.19965856447,197301.07395347615
2024-03-01,196128.19965856447,198107.4193508348
2024-04-01,197451.88721236968,198275.24260459677
2024-04-01,197451.88721236968,199489.47678294615
2024-05-01,198391.88243223703,199599.00372222296
2024-05-01,198391.88243223703,200407.21852759624
2024-06-01,198797.46338519704,200488.5356140632
2024-06-01,198797.46338519704,200760.87442276196
2024-07-01,198606.5936677286,200822.82913070451
2024-07-01,198606.5936677286,200550.90818313145
2024-08-01,198356.0047578943,200658.6060526731
2024-08-01,198356.0047578943,200350.16559569305
2024-09-01,197967.86932788423,200403.82013382803
2024-09-01,197967.86932788423,199971.48440846443
2024-10-01,197775.0054421455,200055.21581166505
2024-10-01,197775.0054421455,199853.87727548354
2024-11-01,197701.64128860852,199773.8599629333
2024-11-01,197701.64128860852,199718.4573183654
2024-12-01,198110.47392660184,199744.98040092006
2024-12-01,198110.47392660184,200172.71160734782
2025-01-01,198674.5650645273,200095.36432727176
2025-01-01,198674.5650645273,200695.6780479411
2025-02-01,199259.4882004705,200719.26447428798
2025-02-01,199259.4882004705,201308.87556475657
2025-03-01,199267.14189008388,201352.83031659434
2025-03-01,199267.14189008388,201322.81257487522
2025-04-01,198625.0057230257,201410.53034608293
2025-04-01,198625.0057230257,200693.10680857
2025-05-01,197780.23876191137,200809.30339437074
2025-05-01,197780.23876191137,199862.26246320532
2025-06-01,197011.2872030541,199972.3814274197
2025-06-01,197011.2872030541,199092.64336530573
2025-07-01,196497.73630143865,199161.41606325845
2025-07-01,196497.73630143865,198573.77708204245
2025-08-01,196070.01493515464,198653.14134571768
2025-08-01,196070.01493515464,198168.29892034165
2025-09-01,195797.5503690883,198105.19551411693
2025-09-01,195797.5503690883,197788.3352864039
2025-11-01,195878.84732749447,197800.42279388726
2025-11-01,195878.84732749447,197994.088675432
2025-12-01,196378.47235204148,197950.74197598099
2025-12-01,196378.47235204148,198464.7800045932
